,created_at,full_text,sentimen
0,2023-01-07 01:07:54+00:00,"@ELBenny_10 @Wiji_kedua @jokowi Hehehe...sebutin aja 3periode,tereakan dan wajah kadal akan muncul😛😛😛",0
1,2023-01-10 05:49:17+00:00,Hayoo mana nih yg teriak 3periode.. hehehe lanjutkan penderitaan rakyat kalo begini caranya,0
2,2023-01-21 23:49:46+00:00,"lumayan...
9 x 3periode = 27 tahun...
smg skss undur pilkada,pilpres,plkades &amp; pil² yg lain...😂😂 https://t.co/TVSbyHP5S8",0
3,2023-01-09 03:22:48+00:00,"SEMAKIN KESINI..DITAHUN 2023. NEGARA INI KOK RIBUT MELULU SOAL HAL2 SEPELE YANG HANYA MENGURAS ENERGI &amp; MEMBUAT RAKYAT MAKIN BINGUNG. SOAL PEMILU DITUNDA, PRESIDEN 3PERIODE. DLL. SEMENTARA DI NEGARA LAIN SIBUK MEMBANGUN TEKNOLOGI.",0
4,2023-01-19 07:44:31+00:00,"@sundaesoklat @donopradana provinsi dan kota paling konyol emang, tetanggaan sm jkt tapi kayak bukan daerah penunjang, kok bisa ya partai itu smp menang 3periode",0
5,2023-01-01 01:41:40+00:00,@tempodotco Buktikan terus presiden pilihan rakyat dan tukang survei...lanjutkan 3periode....😂😂😂,0
6,2023-01-23 14:20:49+00:00,"Minta jabatan sampai 9 tahun.. plus 3 periode.. alias 27 tahun.. kalau jadi terus..
.
Paket komplit lah..
#kades #apdesi #tuntutanapdesi #3periode #tigaperiode #lanjutkan #teruskan #Kadesadalahkunci #jabatanselamanya",0
7,2023-01-16 16:27:09+00:00,@Ki_Mupeng @PDI_Perjuangan @jokowi Yang merasa direndahkan siapa? Jokowi nggak merasa. Paling yg merasa direndahkan para penjilat yg punya agenda 3Periode itu,0
8,2023-01-25 04:09:20+00:00,"Ribuan orang dari perangkat desa yang tergabung dalam Persatuan Perangkat Desa Indonesia (PPDI) kembali menggelar aksi demonstrasi di depan Gedung DPR/MPR RI. 

Adanya aksi demo membuat akses jalan di depan Gedung DPR/MPR ditutup! https://t.co/fqiGDO93sm",0
9,2023-01-07 01:03:16+00:00,"@Wiji_kedua @ELBenny_10 @jokowi Setuju 3periode
pasti ada yg kepanasan sampe berasap
😛😛😛",0
10,2023-01-18 13:26:23+00:00,"Betul³ kedes rakus jabatan, dulu minta 3periode stlah dikabulkan eeeeeeee.... Sekarang minta diperpanjang 9 th. Dasar koplak negeri ini https://t.co/w2hIeZA6Ua",0
11,2023-01-16 06:56:16+00:00,"@Santi_nya Ber arti soekarno idolamu.....krn ia membuat bnyj manusia terpikat ....dg gambar dari bi......nih 3periode buat kamu yg cantik bestie..
.
Lope u ....uach https://t.co/0qhBcvLiXF",0
12,2023-01-02 13:10:36+00:00,"Menurut kalian siapa?
#airlanggahartarto #golkarindonesia #koalisiindonesiabersatu #PPP #PAN #rajajuliantoni #pinterpolitik #arekpolitik #ilmupokitik #2024presiden #2024 #3periode #fyp https://t.co/0DX2cZSgZN",0
13,2023-01-30 01:02:21+00:00,@brrryza kalau rame lanjt 3periode,0
14,2023-01-17 16:24:34+00:00,Kades Minta Perpanjangan masa jabatan 9 tahun.,0
15,2023-01-19 14:03:26+00:00,"Lah kan sudah ada PENDAHULUnya yang NGAJARIN tuk BERBOHONG,lupa ya.....?!
NEGARA ini sedang SAKIT dan HUKUM rusak.......HARUS!ada PERUBAHAN jika tidak SENGSARA yang ada buat RAKYAT,3PERIODE...? KIAMAT! https://t.co/Gn8Hbcd7Nc",0
16,2023-01-26 16:54:40+00:00,"@NarasiNewsroom tempat gua udah jalan 3periode ini🤣🤣 padahal pas pemilihan udah jelas kalah eh tau"" menang lagi 🤣🤣mau ga percaya tapi nyata",0
17,2023-01-09 23:56:02+00:00,"Resmi, Sejumlah Jalan Non-Tol di Jakarta akan Berbayar! https://t.co/0FxJs2f4bs",0
18,2023-01-14 14:35:18+00:00,Ayo joko jangan menyerah lanjutkan 3periode biar makin tenggelam negeri ini. ayo biar ramai dagelan sabun coleknya,0
19,2023-01-13 17:48:32+00:00,"Direndahkan di HUT PDIP, Relawan Jokowi Berang ke Megawati? https://t.co/cwAANfxn1f",0
20,2023-01-19 01:09:22+00:00,@Agusta_515 @ruhulmaani @caknundotcom Dijunjung terus setinggi langit. Salam 3periode https://t.co/1DqrZ4P82a,0
21,2023-01-17 18:26:23+00:00,"@zarnaout45 Kalau dinegeri wakanda beda,, banyak yang korupsi malah pingin 3periode",0
22,2023-01-04 08:30:14+00:00,@devaannaa @Sunitakiran4 @ShaaShaSuliXO @kopitanpagula09 @NataliusPigai2 @Dennysiregar7 Klo ngga tolol bukan kadrun namanya !!!! Coba tunjukan mana yg bilang jokowi mau 3periode ?? Dan klo pakai ijazah palsu sdh sejak dr jaman pilihan walkot solo ngga akan kepilih dan juga waktu itu yg ngusung PKS dan Gerindra juga di pilGub,0
23,2023-01-25 05:30:05+00:00,"transaksi politik ntar nih, kalo di acc ntar hokage minta 3periode. dalih kemauan rakyat",0
24,2023-01-11 03:34:19+00:00,@ZidWorld_ Ketum petugas partai sdh bilang cukup 2 periode kali saja stidaknya mmbungkam mulut mreka yg triak2 3periode!!disatu sisi dinilai ekonom kerja ngak bermutu disisi lain jgn ada lg mreka yg dibungkam oleh statment Ketum Bu Mega.ngoceh2 lagi soal masa jabatan presiden!mundur susah😅,0
25,2023-01-13 05:39:27+00:00,"@Putragnkidul1 Big no! ✅
Walaupun memang blm ada yg 100% layak menggantikan beliau tp cukuplah 2periode jgn lg mengubah UU demi 3periode",0
26,2023-01-11 23:34:41+00:00,Kelihatan memang Mulutmu bau Busuk. Jels² cpres sudah ada dan pemilu sudah ditentukan kapan tapi mulut bau busukmu masih koar² 3periode. Sehat ga kau tong.???,0
27,2023-01-21 16:16:53+00:00,@CNNIndonesia Siapapun yg jadi provokator 3periode krn sdh melanggar aturan harusnya ditangkap bikin gaduh,0
28,2023-01-19 09:01:43+00:00,"@bintangku206 ini sdh dikoordinir.
Apa sdh lupa dgn dukungan kepala desa untuk 3periode?",0
29,2023-01-24 23:58:00+00:00,@alisyarief Yang Penting Asiek Sekali Lagi Asiek...Asiek....Asiek... Hidup di istana semua Kebutuhan di jamin Negara ya penting Asiek... dia Lupa   2 Periode aja Gak Puas Mau Nambah 3Periode kan asiek di istana🤪,0
30,2023-01-01 13:44:26+00:00,"@aryasubrata11 @aniesbaswedan 11rbT ilusi,66 janji kampanye gak terealisasi, bhs inggris excuse me👎,omongan selalu kontradiksi... Kok napsu bgt 3periode 🤣🤣🤣",0
31,2023-01-26 00:55:18+00:00,"Investor wait n see apakah proyek bakal beneran ada atawa mangkrak sesudah 2024 … 
#3periode dan #kades9tahun adalah kunci #ehhh … 

Demokrasi dan kedaulatan sipil bisa disetar setir gini ya 😂 https://t.co/MIVVYKp9Cd",0
32,2023-01-22 01:50:21+00:00,"@SimanjuntakElly @geloraco KIB buatan jkw LBp adem ayem tuh! 
gerindra bebas tuh!

adil tuh sejak dr dari pikiran! 

bacot 3periode ga mau, tp relawan n endorsmen di biarkan! ngaku2 aspirasi tapi melawan konstitusi! kacau balau",0
33,2023-01-01 08:03:55+00:00,"@Di_ajen9 Rambutnya ae soyo entek lo jeng, kakean mikir. Makanya aku gak se7 3periode beliau butuh hidup tuk keluarga nya sendiri jg",0
34,2023-01-09 08:04:10+00:00,"@keuangannews_id Jamganlah
 Senamg meyebar fitnah 
 3periode 
 Komisioner KPK
 Dan yg srkarang kredibilitasnya  Paling rendah 
 Tentunya Kalsu memang terbukti terlibat 
Tentunya 
Sudah ada data dan bukti  dari awal 
  bukan
 Ngomong  mau
 di buka lagi !",0
35,2023-01-29 07:59:58+00:00,"@6undul0h @Gojekmilitan ketularan sipat si jaenudin ngaciro, kemaruk mau 3periode😝🤣👊",0
36,2023-01-11 12:10:11+00:00,"Mana suara M Qodari, Bahlil dan lainnya soal 3 periode?

Koq cangkeme mingkem kyok silit pitek! 🤣🤣🤣",0
37,2023-01-24 23:45:31+00:00,"@Hasansholeh9779 @ruhutsitompul Manusia yg gila kekuasaan itu yg udh dijatah Konstitusi 2periode malah mau nambah 3periode, udh gtu elu dukung 3periode, rakus.
Seperti Irak, Libya, Suriah semua ga terbukti selama beliau pimpin Jakarta.
Jakarta jd Kota Maju, beda dgn Indonesia yg dibawa bangkrut sama si Nganu.",0
38,2023-01-18 13:11:56+00:00,"Ini mah analisis tipis² sih,
Alasan ke sudut kuning, karna iklim si merah sedang g baik soal calon mencalonkan.
Ga bisa dipungkiri si kuning punya masa yang besar di 3periode pemilu dan sedang adem ayem, secara logika, dgn elektabilitas yg cukup tinggi, kuning adalah pilhan aman.",0
39,2023-01-02 13:58:32+00:00,@riyutoooo @korantempo @jokowi @MPRRI MPR-nya selama hampir sepuluh tahun ini kek cuma makan gaji buta. Harusnya Bamsoet sebagai Ketua ini saatnya kerja. Bukan malah dukung wacana anti konsitusi lainnya (3periode). Gawat banget nih Indonesia.,0
40,2023-01-27 04:22:50+00:00,@PartaiSocmed Ada penegasan kalimat disitu☺️ makin yakin akan ada 3periode😃 https://t.co/233Yg76Wuw,0
41,2023-01-24 05:04:32+00:00,"@Usuludin321 6 tahun, boleh 3periode itu 18thn kalo jalan terus. Kalo 9thn 3periode ya 27 tahun jadinya.",0
42,2023-01-19 13:50:33+00:00,"@Simbok_Dharmi @PDI_Perjuangan Kalo pemilihan kades serem kak. Bikin damai 2 kubu aje bisa tahunan. Abis damai baru bisa mulain kerja. Lha kalo kayak sekarang 6thn x 3periode, baru damai belon ngebangun udah pemilihan lagi, berantem lagi wkwkwkwkwk. Itu yg dirasain dikampung, beda ama dikota kak.",0
43,2023-01-27 13:13:51+00:00,@detikcom Lebih stabil lagi jika seumur hidup kayak BK. Masa kerja kades saja kok dihubungkan dengan politik. Dari 5 tahun jadi 6 tahun 3 periode. Terus 6 jadi 9 tahun 3periode. Trus nanti mungkin usul lagi sampai usia 65 tahun.,0
44,2023-01-25 08:29:08+00:00,"@IskanQL Faham. Secara prinsip menolak. Tapi secara taktis strategis politis, perlu disikapi hati2. Kalau vulgar heroik menentang, bisa2 makin digarap dari tingkat desa, Plt Kepala Daerah, KPU,  aparat Keamanan, MK, PT20% hingga Presiden 3Periode, memang sdh lengkap koptasinya.

Optimis!",0
45,2023-01-25 07:53:42+00:00,"@Jayabay19479190 Yg lama 6thn x 3periode.yg di usulkan 9thn x 2periode.
Yg perlu di benahi darurat pengawasan nya krna di desa ada BPD tapi nggak berfungsi semestinya.
@budimandjatmiko",0
46,2023-01-27 11:33:56+00:00,"@republikaonline Hihi
... apa 3periode juga Aspirasi presiden?",0
47,2023-01-12 20:00:09+00:00,"Jadi manuver yg di larang Bu Mega adalah perpanjangan jabatan /3periode dan mendukung Capres yg tdk dikehendaki PDIP.
https://t.co/qbYmFrpF1k",0
48,2023-01-25 10:54:08+00:00,@maspiyu_aja Faham kan siapa di balik 3periode?,0
49,2023-01-28 22:02:16+00:00,@TVMuhammadiyah Presiden 3periode banyak yg nolak entar klo kpl ds ok mk pr kpl ds juga demo agar presiden 3periode ok jg ato balas budi rame kampanye 24 ini gaya politik gendruwo,1
50,2023-01-20 04:13:39+00:00,"@rockygerung_rg H2H Ngaciro dengan pemerintah sebelum nya jauh kemana2 sama2 2 periode tapi yg ini minta 3Periode, 2periode aja semua meroket, hanya yang berkurang angka Penggangur di China Berkat Kehebatan Ngaciro🧐",0
51,2023-01-18 01:02:29+00:00,"@alisyarief 6th, 3periode, masih kurang?
Itupun setelah 3periode, istri-anak di majuin.
Hemmmm
Indonesia maju pakai banget....",0
52,2023-01-22 23:22:18+00:00,@WSulchan Kok 3 emotnya...3periode?😕,0
53,2023-01-03 08:15:22+00:00,"alhamdulillah caleg golkar gaada yang tidak berkualitas ygy
#airlanggahartarto #golkarindonesia #koalisiindonesiabersatu #PPP #PAN #rajajuliantoni #pinterpolitik #arekpolitik #ilmupokitik #2024presiden #2024 #3periode #fyp https://t.co/ePpb6iBKUE",0
54,2023-01-23 03:53:36+00:00,"@Pado_sutan 😂😂
Lantas yg koar koar di stiap Demo yg neriakan Jokowi Mundur.
Pdhl Presiden Jokowi tk melanggar Aturan kenegaraan/Pemerintahan dan belaiu masih Sah Sbg Presiden NKRI, Tak ada yg melarang !!!

Itu bgian dr Demokrasi Dul.
Yg tdk boleh ktika Presiden ngotot mnta 3Periode.
MIKIR",0
55,2023-01-30 13:32:32+00:00,@regar_0p0sisi Andai saja pemerintahan kita seperti ini kepada rakyatnya...jangankan 3periode...rakyatnya yg akan minta seumur hidup kalau bisa..,0
56,2023-01-18 09:25:40+00:00,"@keuangannews_id Mustahil merembet ke indonesia, kalo bisa malah ngarep 3periode… sampah!!!",0
57,2023-01-09 00:03:39+00:00,"@FPKSDPRRI Kawal terus! Akal mereka banyak karena sudah takut kalah duluan, mulai dari 3periode, tunda pemilu, pilpres tertutup sampai sistem pemilu proporsional tertutup....",0
58,2023-01-11 10:41:03+00:00,"@pengarang_sajak Ini lah yg di namakan krisis kepemimpinan, memang paling pas 3periode atau tambah 2 taun buat pak de. Saya masih samar2 juga sama ganjar, tp memang yg lain juga jauh bgt. Ganjar cuma lebih dekat dibanding yg lain, dlm artian yg bisa seperti jokowi masih belum.",0
59,2023-01-18 07:11:19+00:00,"Harusnya kita bisa  juga Ramai-ramai Teriakan Jokowi 3Periode.
 https://t.co/pUFc1jAPxw",0
60,2023-01-17 18:46:04+00:00,"@m_4r1_oslo Keinginan rakyat matamu itu, jelas2 yg demo kpl desa kok bkn rakyat yg dipimpin nya ..jabatan anda itu 6 thn x 3periode bila kinerja anda bagus dan terpilih lagi ..masih rakus aja.",0
61,2023-01-22 18:42:27+00:00,"@UsangJelihim @Syam42933824 Lah beneran kan
PKI Oligarki
Makanya mau 3periode",0
62,2023-01-01 15:30:04+00:00,"Selamat tahun baru yagesya
#airlanggahartarto #golkarindonesia #koalisiindonesiabersatu #PPP #PAN #rajajuliantoni #pinterpolitik #arekpolitik #ilmupokitik #2024presiden #2024 #3periode #fyp https://t.co/qZ8fbWfoTU",0
63,2023-01-10 09:25:30+00:00,"Pernyataan ketua umum PDIP Megawati tegas

Bu Mega : Klo udh 2x, yaa maaf 2x

 jdi STOP yaa bikin isu 3periode...krn PDIP taat konstitusi https://t.co/yX9GZuBEGn",0
64,2023-01-17 04:01:56+00:00,"@senjadanudara @klipfahri Percuma keras tapi nol. Ya sperti smpean bung.

bang Fahri itu keras tapi ada isi, gk kosong. 

3periode di DPR, bnyk buku yang ditulis. Mampu mendirikan partai. 

Isi sampean mana🙄. Keras di sosmed gk ada isi",0
65,2023-01-11 09:40:46+00:00,@BangEdiii Takut minta 3periode kali 🤣🤣🤣,0
66,2023-01-10 07:34:58+00:00,@ekowboy2 Mending ganti Bu Mega yg jadi Presiden yg lebih bisa memakmurkan rakyat 3periode yg makar Konstitusi,0
67,2023-01-26 14:45:13+00:00,"@yusuf_dumdum Otak loe lama kelamaan orang pd tau.
Bhua ha ha ha ha ha ha
Pa Anies Presiden 2024-2034
(nggak perlu 3periode seperti keinginan si goblog n tolol)",0
68,2023-01-20 16:34:43+00:00,@dr_koko28 @AndiKhomeini Halah dok..ngomongin perang akhir jaman..ki hloo kades dh minta panjangin majab...biar bisa jadi pager betis 3periode..trlalu jauh dok cuitanmu iki...jooooooh nian,0
69,2023-01-24 15:36:55+00:00,@SeptiadiAndrie @triwantororudi @PartaiSocmed Sekelas kades aja bisa tuh sampai 9 taon. Masa sekelas presiden buat 3periode aja mesti menye menye. Jkw yg tegas dong..!  Kalo mau 3 periode berarti ngajuin CV seperti capres lain dong. Nanti kita lihat ijazahnya. Asli atau palsu.😄😄,0
70,2023-01-25 05:45:59+00:00,@B_AG11 Lah UU Desa yang berlaku sekarang bisa sampai 18 tahun (3periode).,0
71,2023-01-04 00:33:28+00:00,"Beretika politik demokrasi seharusnya tidak mengurangi demokrasi dengan menetapkan Perppu Cipta Kerja, 3periode Jabatan Pres dan melemahkan KPK serta MK.
https://t.co/5puyMDTIOX",0
72,2023-01-11 03:28:26+00:00,"Rispek kepada Ibu Megawati Soekarno Putri menolak 3 periode masa jabatan presiden. 
Jadi elit2 yang masih ngehalu untuk 3 periode, hentikan karena bentuk awal pengkhianatan atas konstitusi kita.
#3periode #megawatisoekarnoputri #jokowi #jokowidodo #mega #ibumega https://t.co/uqqxFc98qo",0
73,2023-01-30 07:28:35+00:00,"@abu_waras Harusnya Heru jadi presiden gantiin jokowi
Dia kerja 2minggu aja sama seperti 2periode
Apalagi dia kerja 3minggu, bisa amandemen UU jadi 3periode",0
74,2023-01-21 12:21:44+00:00,"@MMargani5 Bukan jangan2 lg tp menurut sy mang itu tujuannya.....agar para Kades berusaha bagaimanapun caranya pak Jokowi diperpanjang 3periode, sebagai balas budi.....semprul !!!",0
75,2023-01-21 03:31:26+00:00,"@BosPurwa 😂😂😂😂😂😂, ni kl perspektif pengusaha, klpn mau dukung perpanjangan bukan 3periode, itu gorengan sampah. 3th cukup, kenapa? Ekonomi sdg baik,hindari biaya pemilu yg besr, klpn ada presiden baru, blm tentu mampu spt Jokowi, itu masuk akal tmbh 3th,  jd stop ketololanmu ya,",0
76,2023-01-17 05:22:06+00:00,Dokter Tifa Pastikan Tak Akan Pilih Dua Sosok Ini dalam Pilpres 2024 https://t.co/XHWG7ti3BB #3Periode #AniesBaswedan #DrTifauziaTyassuma #GanjarPranowo,0
77,2023-01-16 03:19:05+00:00,"@alisyarief Usai gagal lempar wacana 3periode pake ngibul 200jtaan rakyat dukung, kini ""si espege aseng"" kerasa keder krn dah merasa saat jokowi lengser dan Anies naik nanti dia target diadili krn ketidakbecusannya!!
Better Nasdem jangan terpancing !!",1
78,2023-01-05 01:28:38+00:00,"@WadyaIrbar @BosPurwa @gibran_tweet Yakin ga langgar hukum? 
Nanti setelah lengser apakah ada yg berani buka semua dosa dosa dosa 
Makanya dia berusaha amankan 3periode",0
79,2023-01-27 11:12:41+00:00,"@ernestprakasa Kelihatannya masih muda”. Berarti saya bisa kalik ya jabat kades. Mayan daah umur 26, jabatan 9tahun bisa 3periode. Terjamin sudah hidup anak cucu nanti 😂😂",0
80,2023-01-22 05:55:48+00:00,@YUDHI_Laksana @AndiDarwis71 Inspirasinya dari presiden 3periode yg promotornya qodari,0
81,2023-01-14 10:51:58+00:00,"@keuangannews_id Mega vs Luhut cs(bohir)
Adu power basis ideologi H2H kekuatan modal,menang mana?! 
Diroastingnya Jokowi oleh Mega sptnya menyulut Luhut kian mengobok2 PDIP yg berepisentrum kpd sosok Mega sj.Sinyal penolakan 3periode mrpk respon Mega atas ide opung,seruu!!👏",0
82,2023-01-23 14:30:40+00:00,"@muhammadanwarjd @maspiyu_aja Mendukung itu cakupannya luas bisa jadi menampung aspirasi warga desa dan tidak berarti mendukung ketok palu ""YA 9 tahun"" masa jabatan Kades. Sengaja dirancukan pola pikir warga yg awam politik oleh PDIP &amp; pengurus partai biar dapat balas jasa perpanjangan masa jabatan 3periode.",0
83,2023-01-20 07:45:27+00:00,@pedangpajajaran @AbasBalapradana @PartaiSocmed @jokowi Pasti ujung²nya ad hubungannya kesitu..lah unug2 yg minta 9tahun mau disetujui..aplg kalo gak kembali kharapan prtama 3periode..negara sedang tidak baik² saja🙏,0
84,2023-01-21 11:03:16+00:00,"Jerry Massie: Ini Rezim Ajaib. Sistem parkir berbayar masuk akal. Tapi lewat jalan berbayar, agak kurang waras.""
Negara dikuasai rezim kurang waras yg panik.
Negara bangkrut, hutang numpuk, mnt 3periode ahirnya rakyat diperas dari berbagai sendi kehidupan.
https://t.co/zcsCmcFBOy",0
85,2023-01-11 23:11:20+00:00,"Nah lo,gak usah mimpi 3periode lg yah,ikutan aja ma anakmu si pisang senang2,mumpung duit bejibun pak @jokowi",0
86,2023-01-11 14:08:30+00:00,"Megawati 'Kasihan Jokowi' Tanpa PDIP, Nasdem: Tanpa Kami Pak Jokowi Juga Tak Penuhi Syarat
https://t.co/hjXtBmc9IK",0
87,2023-01-20 08:47:07+00:00,"@MprAldo Siapa lagi,kalo bukan si onoh yg minta 3 periode,lah antek2nya dsuruh minta 9tahun.hendak dsetujui pulak.buktinya yg triak2 minta 3periode ad dkumpulan org2 yg minta 9tahun🤣dagelan",0
88,2023-01-19 17:19:15+00:00,@6undul0h Pantas ad yg napsu minta 3periode..pasti ada hubungannya juga dengan yg minta perpanjang 9 tahun..Krn iming² tidak akan kena OTT..kebangetan bercandanya👻👻👻,0
89,2023-01-27 23:54:28+00:00,"@NetizenZulid Dulu ngaku Khalifah Umar tapi kelakuannya beda 720° (360° x 2) byk Rakyat semakin miskin kelaparan skrg udah Anaknya,Mantunya,Iparnya jadi pejabat,Anaknya lagi mau di jadiin pejabat dan masih cari celah lanjut mau 3periode udah Rakus,Tamak,dan Serakah melebihi Fir'aun 😅 https://t.co/UVjy2LnalH",0
90,2023-01-21 10:23:28+00:00,@Ade_Surahman5 Demi memulus kan 3periode,0
91,2023-01-18 02:50:27+00:00,Mendes Dukung Masa Jabatan Kades Diperpanjang Jadi 9 Tahun https://t.co/AhGLoQJCMK,0
92,2023-01-18 06:25:26+00:00,"Jokowi setuju, Mendes setuju.

Ujungnya nanti, para kepala desa akan usung @jokowi 3Periode..😂

https://t.co/MZ0tv5TNNk",0
93,2023-01-20 13:46:30+00:00,"@BosPurwa Msih ingat ga min yang Deklarasikan Apdes utk Jokowi..

Mungkin bsa jdi yg hadir kemaren massa bayaran yg menjabat kades.  Agar buat pengalihan isu agar terselubung utk 3periode presiden. Maka itu waspada min",0
0,2023-02-11 09:40:00+00:00,"'Fraksi DPR Setuju 9 Tahun Jabatan Kades, Partai Politik Kalah?'
https://t.co/JWciNzLbyY",0
1,2023-02-06 05:16:20+00:00,"@HeryIdris5 @AndiSinulingga lah kan jelas alogaritma macem lo itu mau 3periode, perpanjangan masa jabatan, anak mantu presiden kkn juga mingkem!  teros mau apa? hehehe",0
2,2023-02-11 10:16:32+00:00,Cikal bakal perpanjangan jabatan atau 3periode,0
3,2023-02-12 16:04:03+00:00,"@inilahdotcom @jokowi Fix 3periode, periode pertama hancur, periode kerdua di kira akn lebih membaik, periode ketiga nyebur skalian aj sdah basah gini.",0
4,2023-02-08 08:48:26+00:00,"@naturalman27 @sutanmangara @vocketfcID Dana desa kan juga buat membangun desanya. Makanya kepala desa minta 9th 3periode --""",0
5,2023-02-13 23:14:48+00:00,"Kecemasan berlanjutnya gelombang PHK dan sulitnya mencari pekerjaan kian menghantui angkatan kerja di tengah ancaman resesi/stagflasi global di 2023. 

https://t.co/kSJ3JVnyC8

#TajukRencana #AdadiKompas",0
6,2023-02-04 21:44:57+00:00,"Konser Dewa 19:
Tangsel - Ampera 2 jam
Ampera - Ancol 1,5 jam
Ancol - JIS 1 Jam
Konser - 5 jam
JIS - Ancol 2,5 Jam
JIS tidak siap
Gak lagi lagi ke JIS
Udah tau dong 2024 harus pilih siapa? 
#3periode https://t.co/A9CEKE0eEb",0
7,2023-02-02 09:54:14+00:00,"@PartaiSocmed Saya dukung 2 periode, tum. Tp kalo 3periode, saya bosan 😩 
Kan ank + mantu udah jd pejabat. 
Jgn mengulang sejarah.",0
8,2023-02-11 14:25:54+00:00,"@RomeoWalker19 @ghory61959476 @felixsiauw @islah_bahrawi Ckckckck, fitnah are teros org kami ga ada koar"" ngeributin presiden kok peduli aja Kami engga yeuh. Mana bilang kalo kami dukung anies aja uda lawak banget, justru kalo pakde mau 3periode ambil lah tapi ga usah bikin pemilu/pilpres lagi krn cuma buang"" uang aja kn sayang 😁",0
9,2023-02-13 00:53:17+00:00,Tolong stop ngomongin Jokowi 3periode bila anda benar-benar pendukungnya.! Karena hal ini seperti memberi ruang pada pihak-pihak pembenci beliau menjadikan sebagai peluru tuk menyerang beliau,0
10,2023-02-01 12:55:17+00:00,@gyspp_ apakah saya menghina tnpa fakta?UUD mau d rubh supaya Jokowi Berkuasa 3periode apakah anda tidk tau?sekarang kades minta 9tahun anda tau siapa dalangnya yg rubh UUD?,0
11,2023-02-07 22:08:24+00:00,"@keuangannews_id @iwanjanuarcom Setelah mak Tegahati diancam dugaan korupsi di BRIN lantas bisa apa @puanmaharani_ri kecuali kasih tiket ketuk palu utk @jokowi 3periode hahaha hbs itu tahta ketum PDIP disita pulak hahaha
Kasihan kasihan kasihan dech mak tegahati hahaha",1
12,2023-02-13 23:19:33+00:00,"... Negara kita baik² saja
Cadangan devisa kita besar... 

Kata yg maksa 3periode 👎👎👎",0
13,2023-02-11 18:02:35+00:00,@PartaiSocmed Mana ads dukngn 3periode haha dasar kadron itu 2 foto terpisah,1
14,2023-02-17 07:59:27+00:00,"Do'aku bersama yang Mulia pakdee JOKOWI #3PERIODE
PERBAIKI RI tercinta.
🇮🇩🇮🇩🙏🇮🇩🇮🇩
inilah Hak saya Bersuara,seperti Saudara yang Lainnya.
Haturnuhun. https://t.co/aQackYgv5p",0
15,2023-02-16 11:04:00+00:00,@ProfylHenuk @VBLaiskodat @ListyoSigitP Karna Jokowi adalah Hope... salam 3periode Nuk 👌,0
16,2023-02-03 14:38:10+00:00,"Pak Prabowo itu sudah menjabat 2periode sebagai capres.. besok masih boleh kok 3periode..
🤣🤣🤣",0
17,2023-02-12 09:49:17+00:00,"Lanjut #3Periode 
✊✊✊",0
18,2023-02-11 17:44:28+00:00,Jokowi💪🏾,0
19,2023-02-12 02:25:02+00:00,"@lihatdariatas @BusuMaju @jokowi Manusia satu yg kta nya khalifah it sdah tdk pnya hati nurani, yg dpikirkan nya hnya 3periode !!! 😏😤😡 https://t.co/PKqzRuPZ7d",0
20,2023-02-12 13:36:32+00:00,Banyak Rakyat Berharap Agar Presiden @jokowi Berlanjut 3 Periode Kami Pun Berharap Demikian agar Indonesia Menjadi Negara Maju👍,0
21,2023-02-22 12:16:17+00:00,"Tahun 2024 adalah tahun terakhir dari pemerintahan Jokowi dan Ma’ruf Amin.

Berarti urusan 3 periode udah selesai ya?

#3periode #srimulyani #marufamin https://t.co/ACuS02K3XN",0
22,2023-02-08 09:45:57+00:00,"@en_jeu_L Padahal visioner sekali beliau pak, sosok yang sangat dibutuhkan kondisi saat ini. Berharap 3periode",0
23,2023-02-07 04:13:06+00:00,@tempodotco Mudah..jangn juga halangi rakyat yg tidak setuju dengan 3periode..dengarkan juga aspirasi rakyat..patuhi undang..selesai..,0
24,2023-02-06 16:46:50+00:00,@musniumar Walah mus mus... Ribet banget idup lu... Mau 3periode.mau 4 periode yg jelas PRESIDEN sekatang bukan dipilih DPR MPR. tidak seperti jaman harto. Kalau masih kepilih berrti itu kehendak rakyat lol,1
25,2023-02-20 23:47:50+00:00,"@democrazymedia Udah kelihatan gak netral ini, waduh tanda bakal 3periode nih",0
26,2023-02-03 02:19:30+00:00,siap #3Periode,0
27,2023-02-02 09:32:46+00:00,"@korantempo Apakah rakyat Indonesia harus diam jika ini terealisasi..??
Saat penjilat SBY inginkan SBY 3periode
Maka PDIP terdepan kritisi
Tpi d saat penjilat rezim saat ini ajukan
Maka semua boleh
Waras kah rakyat Indonesia yg penjilat
Demokrasi terhebat d saat SBY",0
28,2023-02-08 23:40:13+00:00,"@AnakLolina2 Gak ada itu 3periode dab, dg bicara 3 periode pean itu menganggap yg pean dukung itu seolah² ra ngerti konstitusi, dukung boleh, kalap jangan",0
29,2023-02-06 12:36:23+00:00,"@OposisiCerdas Pakde jgn bahas dulu lah 3periode, kejauhan...ijazah dulu ditunjukan...ini sdh berpekan2 kaga kelar2 persoalan sepele itu...hadehh",0
30,2023-02-27 03:07:00+00:00,@Subur0204 Berpikir serius bagaimana 3periode,0
31,2023-02-15 13:39:44+00:00,"Semacam jiwasraya / asabri kah?
#3periode
#kades9tahun
https://t.co/cEnp8YkQVp",0
32,2023-02-15 01:11:11+00:00,"@baliandra2 Makanya harus nangkring diatas terus biar selamat,,kalau ke bawah hbis dah makanya ngotot 3periode",0
33,2023-02-13 14:08:00+00:00,"Kalo jd 3periode, th 2028 dugaanku akan menjanjikan wisata ke bulan naik MRT",0
34,2023-02-07 21:01:28+00:00,@Hasbil_Lbs Dan masih terus cari cara bwt lanjutin 3periode😵‍💫😤🙄,0
35,2023-02-12 08:25:50+00:00,"@Technospeed @PartaiSocmed @magebraham @jokowi Gak mungkin berani lah terang2an menginginkan 3 periode. Mau dirujak sama Rakyat?
Dan belum pernah sekalipun secara tegas menolak 3periode, beda waktu pak SBY tahun 2014 mau lengser, tegas sekali tolak 3periode.",0
36,2023-02-02 13:46:44+00:00,"“Otw 3!!”

Aamiin ci!! https://t.co/h0XGCH8jNf",0
37,2023-02-09 17:11:57+00:00,"@CNNIndonesia Kader2 muda yg udah lama gabung dan punya kontribusi ga malu apa dikangkangi anak baru yg bahkan pengalaman organisasi.dan politiknya nol besar 🤣
Ga heran klo partai ini ikut dukung 3periode tempo hari.",0
38,2023-02-06 01:59:02+00:00,"@HeryIdris5 @AndiSinulingga emg alogaritam lo begitu dul! mana ada macem lo nentang 3periode, prrpanjangan masa jabatan.

lebih jauh lagi semua kelakuan rezim bkuasa yg ngaco lo jg diem :)",1
39,2023-02-07 04:41:57+00:00,"@msaid_didu Bikin isu sendiri, triak2 sendiri, ngamuk2 sendiri. Kualitas pecatan ilmu nya cmn bacot ttg utang dan 3periode. Yg bersangkutan sdh bbrp x bantah soal 3periode msh aja di goreng terus. Pecatan Kualitas sampahh sekelas buzer tdk berpendidikan",0
40,2023-02-08 13:39:44+00:00,@CahNgarit14 Klu parpol ga mau meloloskan 3periode dan sita aset koruptor ya matikan suara partai dari desa,0
41,2023-02-14 01:33:42+00:00,"@OposisiCerdas Inilah wakil rakyat sejati...apabila tdk mampu,mengundurkan diri...pemimpin di negeri konoha,sudah tdk mampu memaksa 3periode...kan Ruwet",0
42,2023-02-05 04:06:26+00:00,"Kalau tak gampang ngapain dulu ngotot maju bahkan jabatan sblmnya blm selesai, kalau sudah mau berat napa 2 periode bahkan pendukungnya minta 3periode. Ndagel",0
43,2023-02-12 05:12:00+00:00,Bambang Susantono- Insyaallah 2045 Kita Punya Mobil Terbang Di IKN https://t.co/E5FFkJgegN,0
44,2023-02-06 07:18:45+00:00,"@KING__VALDEZ Sbnrnya udah ketebak dr awal, dr sikap ambigu nya. Menolak tp membiarkan wacana 3periode terus jd perdebatan.",0
45,2023-02-03 14:16:18+00:00,"Luhut: Kalau Belum Pernah Menjabat Jangan Asal Ngomong, Tak Gampang Urus RI
https://t.co/PTm9NxsGXL",0
46,2023-02-05 10:43:08+00:00,"@alisyarief Efek kebingungan mencari sosok yg layak bersaing dg Anies Baswedan? 3periode jelas2 menyalahi konstitusi, knapa memaksakan diri?",0
47,2023-02-16 05:03:17+00:00,@Boediantar4 Nah ini ingat jabatan yang disumpah pake AL Quran tau Tanggung Jawabnya !! ada 2Periode gagal memakmurkan Rakyatnya tapi tanpa Malu minta jatah 3Periode kan urat Malunya udah Putus ??,0
48,2023-02-03 00:16:21+00:00,"Jelang turbulensi 2023-2024, bbrp poin utk memudahkan analisa:
- Jkw masih perlu massa. Bisa utk dorong tunda pemilu/3periode, atau dukung penerusnya.
- 2 penguasa massa: 1. Megawati, 2. NU.
- Apdesi sdg dicoba sbg kekuatan baru, belum teruji pengaruhnya ke elektoral.

=Thread",0
49,2023-02-17 03:46:11+00:00,"#jumatberkah kita doakan Pak @jokowi bisa lanjutkan 3periode lagi. Aamiin...

(doa yg baik baik saja)",0
50,2023-02-04 02:58:25+00:00,"@TaufikDamas Yang parah tuh jadi Presiden tapi gagal, malah utangnya semakin menumpuk, harga pangan melambung, bikin proyek gagal, mau pindah ibu kota tak ada investor, malah pingin 3periode dg memperkosa konstitusi",0
51,2023-02-09 04:46:10+00:00,"@democrazymedia Sy prediksi kalau istana skrg buntu, tdk ada capres yg sepadan dgn anies saat ini, jd 3 jalan yg bs ditempuh, ke1 menggaungkan kembali 3periode, kedua menggerogoti tingkat kepercayaan publik kepak anis agar menurun, yg ke3 mngkn formula E atau sejenisx (ini prediksi kls warung🤣)",0
52,2023-02-18 11:47:53+00:00,"@03__nakula Katanya gak maju..
Tp betah dan selalu milih PKS. 3periode pula.
Org Sumbar goblognya nyundul langit.
Sama kayal Depok, 20thn milih PKS.",0
53,2023-02-19 10:34:46+00:00,"⠀

𝑃𝑟𝑜𝑐𝑒𝑠𝑠𝑖𝑛𝑔 𝑓𝑜𝑟 𝑝𝑒𝑟𝑚𝑎𝑛𝑒𝑛𝑡 𝑑𝑒𝑙𝑒𝑡𝑖𝑜𝑛… (𝟷𝟶%)

⠀",0
54,2023-02-19 10:41:03+00:00,100%-nya minggu depan? #Glictate_3Periode,0
55,2023-02-01 11:30:00+00:00,"Mahfud MD Ungkap Pencetus Isu Penundaan Pemilu dan Jabatan Presiden 3 Periode
#mahfudMD #presiden #3periode
@mohmahfudmd 
https://t.co/uPhj5kx9fV",0
56,2023-02-12 23:55:35+00:00,"@AnakLolina2 3periode?? 
Ngga lah biarkan generasi penerus ny yg menjalankan tugas"" berat  beliau kita hrs yakin dan percaya klo msh ad org yg bs setulus pak Jokowi 
Dua periode bukan waktu yg sebentar dgn hujatan cacian sebegitu dahsyatnya Alhamdulillah pak Jokowi bs sabar",0
57,2023-02-07 11:49:51+00:00,"@zarnaout45 @KtaBpkb Feling saya sih mereka lebih memilih 3periode,dengan dengan dukungan partai2 Koalisi dan ketok palu di MPR.Apabila ini terjadi maka akan terjadi perang saudara,karena demokrasi udah di khianati.",0
58,2023-02-07 09:44:00+00:00,"Perubahan sikap Presiden, Jokowi kepingin Presiden 3 Periode?

gimana tanggapan kalian? tulis di kolom komentar ya.

#Jokowi #3Periode https://t.co/dVMECvnEzx",0
59,2023-02-12 14:51:02+00:00,"@AnakLolina2 Sy se7 atas kberhasilan Jkw.
Tp utk 3periode sy pikir jgn lah.
Walo hati kcl 3periode akan lbh baik agar programnya tuntas. Tp kita lihat kpentingan lbh bsr, dmn konstitusi dibuat tentu dg phitungan matang.Kl dirubah akan sekacau UUMD3 yg diubah2 sesuai kpentingan sesaat politisi",0
60,2023-02-26 14:01:43+00:00,"@ruhutsitompul sdh 2 periode menjabat tiba-tiba bilang ijazah jokowi palsu, ii aneh bin ajaib. kenapa bukan saat mendaftar mulai dari walikota solo, gubernur DKI hingga nyapres periode pertama digugat? takut 3periode ya?",0
61,2023-02-03 18:37:15+00:00,"@CNNIndonesia ribet mikir begitu.
yg gampang aja..

ri1 2periode, ok👍

setlh 2periode, jadi ri2

ri2 habis 2periode, ga bisa auto ri1. 

kalo udeh pernah jdi ri1 &amp; ri2, 2periode. ga boleh ikutan lagi.

ga ada ri1 ampe 3periode.

buat uu bru. ga usah gugat gabut mk.",0
62,2023-02-09 14:15:14+00:00,"kurang serakah apalagi prenksinden dan gerombolannya mengangkangi resources,
sampe cari2 alasan buat maksa 3periode",0
63,2023-02-09 06:59:08+00:00,Malu kita negara G20 nunda Pemilu dgn alasan yg aneh-aneh. Sakit para gerombolan yg minta dan dukung tunda Pemilu ini. Merusak bangsa. https://t.co/FqzEdAochj,0
64,2023-02-02 00:22:46+00:00,"@KompasTV Kenapa sih bapak ini, sejak kemarin kesannya agak lain.?terang2 ga dukung anis (hak politik)..wacana presiden 3periode...nah hari ini penundaan pemilu...boleh curiga ga??tapi 1 yg pasti kacamatanya cukup keren",0
65,2023-02-03 08:44:49+00:00,"@IMRONBIAN @Intel_ORBA Liat siapa orang2 yg ingin presiden 3periode??yg jelas bukan jokowi.Liat betapa hebatnya luhut siapa dia??ORBA berakhir dicemooh bukan saya seorang tp jutaan orang,Soeharto banyak jasanya buat indonesia dan jg banyak dosanya bagi indonesia,Liat kekayaan keluarga soeharto",0
66,2023-02-20 02:38:28+00:00,"Bukti nyata kaum Cebong &amp; Buzzer itu dungu.
Mendukung Ganjar untuk Capres 2024 padahal tidak ada satupun Partai yang mengusung.
Minta Jokowi 3 periode padahal dalam UU Konstitusi disebutkan jabatan Presiden maksimal cuma 2 periode.
#capres2024 #3periode #ganjarpranowofor2024",0
67,2023-02-14 12:39:52+00:00,"@lpkkaltim @PresidenKopi Kalo bisa 3periode,,",0
68,2023-02-03 21:20:27+00:00,@Subur0204 Anak sama mantu ya coba klo bukan dr presiden nggak bakalan terpilih krn smua itu biasa di atur dgn mengunakan fasilitas negara aji mumpung ada yg duduk di istana jd smua Kel. Di jadikan pejabat daerah cucu nya skrng sdh I den jd kades  jd maksa 3periode 🙏👍,0
69,2023-02-06 14:03:29+00:00,"@democrazymedia Kalau 3Periode berarti @jokowi sekelas dengan yang di video ini...
Udah tau ga boleh lewat masih aja jalan.
TAPI DIA KAN GILA...!!! https://t.co/ldFOZrjW7t",0
70,2023-02-11 00:47:28+00:00,"@geloraco Orang ini ada gangguan jiwa ya..? 
Sebelum nya dia menginginkan 3periode atau perpanjangan",0
71,2023-02-02 01:02:29+00:00,@herdiyanto_s @abu_waras Jngan ngomong gitu...ga pants..yg berkuasa saat ini bukan lagi level pembual tapi perusak...aturn 2periode sja mau dilanggar 3periode..,0
72,2023-02-11 07:28:00+00:00,"Kita sengaja di buat gaduh
Masalah slalu di muncullah,
Tau tau 3periode",0
73,2023-02-18 11:25:21+00:00,@PartaiSocmed Itulah pemerintah kita saat ini kemampuannya memelihara perpecahan dan sangat massive sekali ingin 3periode,0
74,2023-02-16 05:32:47+00:00,@MichelAdam5l5 Paling tidak kalau jadi 3periode .... atau PS menang bisa masuk antrian komisaris,0
75,2023-02-05 22:24:47+00:00,"@PutraErlangga95 Harus ketaea atau jungkir balik nih rakyat,atau koprol 7 putaran,3periode tambah perpanjangan 3tahun.",0
76,2023-02-18 00:37:57+00:00,Tersantai senin-selasa kali ya? Kalau ter-tipes rabu sampai kemarin. Kalau tersedih? HARI INI N BESOK. #Glicie_3Periode_Please,0
77,2023-02-14 01:46:26+00:00,@idarina_69 @PutraErlangga95 Lg GALAU mgkn..klo g jd 3periode alamat pulkam deh..😛😛,0
78,2023-02-03 10:51:55+00:00,"Sprti yg diminta komunitas, kami tlh mngurangi biaya masuk utk Mode Match jd 250 emas
Kami senang jadi tuan rumah Kjuaraan Mode Match 3hr tuk merayakanxa!
Pengguna yg main Prtandingn Mode Match slm 3periode, brbagi kumpuln hadiah sbesar $1000!
G sabar menunggu?Pelajari lbh detail",1
79,2023-02-10 04:33:25+00:00,"@RagilSemar Saya jawab lain waktu....hweehewahweahaewaaa sambil nyengir  cekikikan nampak kurang cerdas ga ada empati..... 
Mutu Gini mau 3periode ?",0
80,2023-02-17 15:13:40+00:00,"ㅤ
2. Karena aku tadi nanyanya mood di minggu ini, spill dong hari ter-agak santai dan ter-tipes kalian di minggu ini? 
ㅤ       ㅤ       ㅤ",0
81,2023-02-03 10:00:01+00:00,"✨As requested our community, we have reduced entry fee for Match Mode to 250 gold

🏆We are Excited to host a 3-day Match Mode Championship to celebrate it!

🔥Users who Play Match Mode match during 3 periods, share a prize pool of $1000!

⬇️Can't wait? Learn more details https://t.co/p8OCAP9Zkr",1
82,2023-02-02 01:42:03+00:00,@detikcom Hajar...di negri ini hajar selagi bisa...tdk puas 2periode hjar 3periode...bpk presidn hjar jdi kepla daerh..lupkan masih bau kencur serhkan ma buzer..,0
83,2023-02-11 04:08:28+00:00,"BREAKING ENYUSSS
 
JAWABAN PAK ANIES
""SOAL UTANG 50 MILIAR..

TER NYATA BUKAN DUIT PAK SANDI..‼️"" https://t.co/jnl5F1WNoZ",0
84,2023-02-22 02:21:27+00:00,"@JUN062022 @dpcpdkotacrb Demokrat dulu minta 3 periode bosku
Tapi syarat.a terlalu rumit dan hasil.a pun @PDemokrat gk bs lolos 3 periode
Nah kmrn yg gaungkan @jokowi gk boleh 3 periode itu dari @PDemokrat Krn mereka takut itu terjadi di era Jokowi dan gagal di era esbeye 🤣🤣🤣
Kalo Jokowi 3periode apes",0
0,2023-03-30 18:41:40+00:00,@03__nakula 3periode jokowi,0
1,2023-03-29 13:52:47+00:00,@onebils #3periode,0
2,2023-03-30 01:08:43+00:00,#3periode pakdhe maju lagi kamdulila,0
3,2023-03-30 05:17:51+00:00,Adab 0,0
4,2023-03-30 18:33:09+00:00,@Uki23 Mulai berpikir untuk 3periode,0
5,2023-03-29 09:27:47+00:00,@OposisiCerdas Lucu ya indonesia,0
6,2023-03-30 05:19:00+00:00,Orang gila masih tetep ikut nyoblos nggak ya??,0
7,2023-03-30 14:50:35+00:00,@alextham878 3periode KLO g golput,0
8,2023-03-29 14:43:50+00:00,"Bawaslu Temukan 6,7 Juta Pemilih di Pemilu 2024 Tidak Memenuhi Syarat
https://t.co/KRojsdEv34",0
9,2023-03-30 03:13:09+00:00,@winantisri11 Relawannya terlalu GasPol jd keblinger🤭🤭🤭,0
10,2023-03-29 15:12:43+00:00,FIFA: Indonesia Batal Jadi Tuan Rumah Piala Dunia U-20 2023 https://t.co/syudrvcSNc,0
11,2023-03-30 03:19:42+00:00,"Kurang selektif/teliti
Gasspoll/smangat kebangetan
PDIP Khan blm fix nyalonin Khan
Lagian masih slenting"" 3periode n penundaan Pemilu
Dr kpn lebih sepakat 3periode/penundaan Pemilu klo liat sikon
🤭🤭🤭🚶‍♀️🚶‍♀️",0
12,2023-03-30 02:05:49+00:00,Sekedar mengingatkan tentang adab Arteria Dahlan terhadap orang tua https://t.co/JvY61gYFw6,0
13,2023-03-29 16:06:16+00:00,#3periode,0
14,2023-03-29 10:43:05+00:00,Yusril Akui Bahas Perpanjangan Masa Jabatan Presiden dengan Jokowi https://t.co/2MfZDGfq14,0
15,2023-03-30 23:52:41+00:00,@forestjedy Kayaknya ini strategi 3Periode,0
16,2023-03-30 08:24:47+00:00,"@geloraco Berarti jelas semakin jelasss donk , siapa sesungguhnya jokowi?",0
17,2023-03-29 05:17:37+00:00,@NenkMonica Amin,0
18,2023-03-30 11:54:34+00:00,"@nusantara_one ok..ok djah…
kita bungkus buat 3periode, akurr???",0
19,2023-03-30 09:35:13+00:00,"@SantorinisSun ok..ok brur, kita bungkus buat 3periode, akurr?????",0
20,2023-03-30 08:43:24+00:00,@buyahany2 @Dennysiregar7 😁 https://t.co/GiFRO4LDNU,0
21,2023-03-29 01:50:27+00:00,@BosPurwa Yakin bakal 3periode terwujud🤔,0
22,2023-03-30 08:35:00+00:00,@Gojekmilitan Setuju bib,0
23,2023-03-29 02:23:00+00:00,@kenapaadasayaa jkw 3periode,0
24,2023-03-29 16:14:50+00:00,@ChovaHerman Biar tuntas hrs 3periode,0
25,2023-03-30 05:31:26+00:00,@DMuthoharun @txtdaritng pakde 3periode fiks,0
26,2023-03-30 05:20:16+00:00,@utdfocusid jokowidodo 3periode,0
27,2023-03-30 15:17:09+00:00,"@Trending_Issue @jokowi Rasanya 3periode perlu dipertimbangkan lagi...
Penerusnya udah ketularan sindrom fans real Madrid gak ada yang pantes...",1
