,full_text
0,"@ elbenny_10 @ wiji_kedua @ jokowi hehehe.sebutin aja 3periode , tereakan wajah kadal muncul😛😛😛"
1,hayoo nih yg teriak 3periode . hehehe lanjutkan penderitaan rakyat kalo
2,"lumayan . 9 x 3periode = 27 . smg skss undur pilkada , pilpres , plkades & amp ; pil² yg lain.😂😂 url"
3,"kesini.ditahun 2023. negara ribut melulu hal2 sepele menguras energi & amp ; rakyat bingung . pemilu ditunda , presiden 3periode . dll . negara sibuk membangun teknologi ."
4,"@ sundaesoklat @ donopradana provinsi kota konyol emang , tetanggaan sm jkt kayak daerah penunjang , ya partai smp menang 3periode"
5,@ tempodotco buktikan presiden pilihan rakyat tukang survei.lanjutkan 3periode.😂😂😂
6,jabatan 9 . plus 3 periode . alias 27 . . . paket komplit . kades apdesi tuntutanapdesi 3periode tigaperiode lanjutkan teruskan kadesadalahkunci jabatanselamanya
7,@ ki_mupeng @ pdi_perjuangan @ jokowi direndahkan ? jokowi nggak . yg direndahkan penjilat yg agenda 3periode
8,ribuan orang perangkat desa tergabung persatuan perangkat desa indonesia ( ppdi ) menggelar aksi demonstrasi gedung dpr/mpr ri . aksi demo akses jalan gedung dpr/mpr ditutup ! url
9,@ wiji_kedua @ elbenny_10 @ jokowi setuju 3periode yg kepanasan sampe berasap 😛😛😛
10,"betul³ kedes rakus jabatan , 3periode stlah dikabulkan eeeeeeee . diperpanjang 9 th . dasar koplak negeri url"
11,@ santi_nya ber arti soekarno idolamu.krn bnyj manusia terpikat .dg gambar bi.nih 3periode yg cantik bestie . . lope u .uach url
12,? airlanggahartarto golkarindonesia koalisiindonesiabersatu ppp pan rajajuliantoni pinterpolitik arekpolitik ilmupokitik 2024presiden 2024 3periode fyp url
13,@ brrryza rame lanjt 3periode
14,kades perpanjangan jabatan 9 .
15,"pendahulunya ngajarin tuk berbohong , lupa ya. ? ! negara sakit hukum rusak.harus ! perubahan sengsara rakyat,3periode. ? kiamat ! url"
16,@ narasinewsroom gua udah jalan 3periode ini🤣🤣 pas pemilihan udah kalah eh tau '' menang 🤣🤣mau ga percaya nyata
17,"resmi , jalan non-tol jakarta berbayar ! url"
18,ayo joko menyerah lanjutkan 3periode biar tenggelam negeri . ayo biar ramai dagelan sabun coleknya
19,"direndahkan hut pdip , relawan jokowi berang megawati ? url"
20,@ agusta_515 @ ruhulmaani @ caknundotcom dijunjung langit . salam 3periode url
21,"@ zarnaout45 dinegeri wakanda beda , , korupsi pingin 3periode"
22,@ devaannaa @ sunitakiran4 @ shaashasulixo @ kopitanpagula09 @ nataliuspigai2 @ dennysiregar7 klo ngga tolol kadrun namanya ! ! ! ! coba tunjukan yg bilang jokowi 3periode ? ? klo pakai ijazah palsu sdh dr jaman pilihan walkot solo ngga kepilih yg ngusung pks gerindra pilgub
23,"transaksi politik ntar nih , kalo acc ntar hokage 3periode . dalih kemauan rakyat"
24,@ zidworld_ ketum petugas partai sdh bilang 2 periode kali stidaknya mmbungkam mulut mreka yg triak2 3periode ! ! disatu sisi dinilai ekonom kerja ngak bermutu disisi jgn lg mreka yg dibungkam statment ketum bu mega.ngoceh2 jabatan presiden ! mundur susah😅
25,@ putragnkidul1 big no ! ✅ blm yg 100 % layak menggantikan beliau tp 2periode jgn lg mengubah uu 3periode
26,mulutmu bau busuk . jels² cpres pemilu ditentukan mulut bau busukmu koar² 3periode . sehat ga kau tong. ? ? ?
27,@ cnnindonesia yg provokator 3periode krn sdh melanggar aturan ditangkap bikin gaduh
28,@ bintangku206 sdh dikoordinir . sdh lupa dgn dukungan kepala desa 3periode ?
29,@ alisyarief asiek asiek.asiek.asiek . hidup istana kebutuhan jamin negara ya asiek . lupa 2 periode aja gak puas nambah 3periode asiek istana🤪
30,"@ aryasubrata11 @ aniesbaswedan 11rbt ilusi,66 janji kampanye gak terealisasi , bhs inggris excuse me👎 , omongan kontradiksi . napsu bgt 3periode 🤣🤣🤣"
31,investor wait n see proyek beneran atawa mangkrak 2024 … 3periode kades9tahun kunci ehhh … demokrasi kedaulatan sipil disetar setir gini ya 😂 url
32,"@ simanjuntakelly @ geloraco kib buatan jkw lbp adem ayem tuh ! gerindra bebas tuh ! adil tuh dr pikiran ! bacot 3periode ga , tp relawan n endorsmen biarkan ! ngaku2 aspirasi melawan konstitusi ! kacau balau"
33,"@ di_ajen9 rambutnya ae soyo entek lo jeng , kakean mikir . gak se7 3periode beliau butuh hidup tuk keluarga nya jg"
34,@ keuangannews_id jamganlah senamg meyebar fitnah 3periode komisioner kpk yg srkarang kredibilitasnya rendah kalsu terbukti terlibat data bukti ngomong buka !
35,"@ 6undul0h @ gojekmilitan ketularan sipat si jaenudin ngaciro , kemaruk 3periode😝🤣👊"
36,"suara m qodari , bahlil 3 periode ? koq cangkeme mingkem kyok silit pitek ! 🤣🤣🤣"
37,"@ hasansholeh9779 @ ruhutsitompul manusia yg gila kekuasaan yg udh dijatah konstitusi 2periode nambah 3periode , udh gtu elu dukung 3periode , rakus . irak , libya , suriah ga terbukti beliau pimpin jakarta . jakarta jd kota maju , beda dgn indonesia yg dibawa bangkrut si nganu ."
38,"mah analisis tipis² sih , alasan sudut kuning , karna iklim si merah g calon mencalonkan . ga dipungkiri si kuning 3periode pemilu adem ayem , logika , dgn elektabilitas yg , kuning pilhan aman ."
39,@ riyutoooo @ korantempo @ jokowi @ mprri mpr-nya sepuluh kek makan gaji buta . bamsoet ketua kerja . dukung wacana anti konsitusi ( 3periode ) . gawat banget nih indonesia .
40,@ partaisocmed penegasan kalimat disitu☺️ 3periode😃 url
41,"@ usuludin321 6 , 3periode 18thn kalo jalan . kalo 9thn 3periode ya 27 ."
42,"@ simbok_dharmi @ pdi_perjuangan kalo pemilihan kades serem kak . bikin damai 2 kubu aje tahunan . abis damai mulain kerja . lha kalo kayak 6thn x 3periode , damai belon ngebangun udah pemilihan , berantem wkwkwkwkwk . yg dirasain dikampung , beda ama dikota kak ."
43,@ detikcom stabil seumur hidup kayak bk . kerja kades dihubungkan politik . 5 6 3 periode . 6 9 3periode . trus usul usia 65 .
44,"@ iskanql faham . prinsip menolak . taktis strategis politis , disikapi hati2 . vulgar heroik menentang , bisa2 digarap tingkat desa , plt kepala daerah , kpu , aparat keamanan , mk , pt20 % presiden 3periode , sdh lengkap koptasinya . optimis !"
45,@ jayabay19479190 yg 6thn x 3periode.yg usulkan 9thn x 2periode . yg benahi darurat pengawasan nya krna desa bpd nggak berfungsi semestinya . @ budimandjatmiko
46,@ republikaonline hihi . 3periode aspirasi presiden ?
47,manuver yg larang bu mega perpanjangan jabatan /3periode mendukung capres yg tdk dikehendaki pdip . url
48,@ maspiyu_aja faham 3periode ?
49,@ tvmuhammadiyah presiden 3periode yg nolak entar klo kpl ds ok mk pr kpl ds demo presiden 3periode ok jg ato balas budi rame kampanye 24 gaya politik gendruwo
50,"@ rockygerung_rg h2h ngaciro pemerintah nya kemana2 sama2 2 periode yg 3periode , 2periode aja meroket , berkurang angka penggangur china berkat kehebatan ngaciro🧐"
51,"@ alisyarief 6th , 3periode , ? itupun 3periode , istri-anak majuin . hemmmm indonesia maju pakai banget ."
52,@ wsulchan 3 emotnya.3periode ? 😕
53,alhamdulillah caleg golkar gaada berkualitas ygy airlanggahartarto golkarindonesia koalisiindonesiabersatu ppp pan rajajuliantoni pinterpolitik arekpolitik ilmupokitik 2024presiden 2024 3periode fyp url
54,"@ pado_sutan 😂😂 lantas yg koar koar stiap demo yg neriakan jokowi mundur . pdhl presiden jokowi tk melanggar aturan kenegaraan/pemerintahan belaiu sah sbg presiden nkri , yg melarang ! ! ! bgian dr demokrasi dul . yg tdk ktika presiden ngotot mnta 3periode . mikir"
55,@ regar_0p0sisi andai pemerintahan rakyatnya.jangankan 3periode.rakyatnya yg seumur hidup .
56,"@ keuangannews_id mustahil merembet indonesia , kalo ngarep 3periode… sampah ! ! !"
57,"@ fpksdprri kawal ! akal takut kalah duluan , 3periode , tunda pemilu , pilpres tertutup sistem pemilu proporsional tertutup ."
58,"@ pengarang_sajak yg namakan krisis kepemimpinan , pas 3periode 2 taun de . samar2 ganjar , tp yg bgt . ganjar dibanding yg , dlm artian yg jokowi ."
59,ramai-ramai teriakan jokowi 3periode . url
60,"@ m_4r1_oslo rakyat matamu , jelas2 yg demo kpl desa bkn rakyat yg dipimpin nya .jabatan 6 thn x 3periode kinerja bagus terpilih .masih rakus aja ."
61,@ usangjelihim @ syam42933824 beneran pki oligarki 3periode
62,selamat yagesya airlanggahartarto golkarindonesia koalisiindonesiabersatu ppp pan rajajuliantoni pinterpolitik arekpolitik ilmupokitik 2024presiden 2024 3periode fyp url
63,"pernyataan ketua pdip megawati bu mega : klo udh 2x , yaa maaf 2x jdi stop yaa bikin isu 3periode.krn pdip taat konstitusi url"
64,"@ senjadanudara @ klipfahri keras nol . ya sperti smpean . bang fahri keras isi , gk kosong . 3periode dpr , bnyk buku ditulis . mendirikan partai . isi sampean mana🙄 . keras sosmed gk isi"
65,@ bangediii takut 3periode kali 🤣🤣🤣
66,@ ekowboy2 mending ganti bu mega yg presiden yg memakmurkan rakyat 3periode yg makar konstitusi
67,@ yusuf_dumdum otak loe orang pd tau . bhua ha ha ha ha ha ha pa anies presiden 2024-2034 ( nggak 3periode si goblog n tolol )
68,@ dr_koko28 @ andikhomeini halah dok.ngomongin perang jaman.ki hloo kades dh panjangin majab.biar pager betis 3periode.trlalu dok cuitanmu iki.jooooooh nian
69,@ septiadiandrie @ triwantororudi @ partaisocmed sekelas kades aja tuh 9 taon . sekelas presiden 3periode aja mesti menye menye . jkw yg dong. ! kalo 3 periode ngajuin cv capres . lihat ijazahnya . asli palsu.😄😄
70,@ b_ag11 uu desa berlaku 18 ( 3periode ) .
71,"beretika politik demokrasi mengurangi demokrasi menetapkan perppu cipta kerja , 3periode jabatan pres melemahkan kpk mk . url"
72,"rispek megawati soekarno putri menolak 3 periode jabatan presiden . elit2 ngehalu 3 periode , hentikan bentuk pengkhianatan konstitusi . 3periode megawatisoekarnoputri jokowi jokowidodo mega ibumega url"
73,"@ abu_waras heru presiden gantiin jokowi kerja 2minggu aja 2periode kerja 3minggu , amandemen uu 3periode"
74,"@ mmargani5 jangan2 lg tp sy mang tujuannya.agar kades berusaha jokowi diperpanjang 3periode , balas budi.semprul ! ! !"
75,"@ bospurwa 😂😂😂😂😂😂 , ni kl perspektif pengusaha , klpn dukung perpanjangan 3periode , gorengan sampah . 3th , ? ekonomi sdg , hindari biaya pemilu yg besr , klpn presiden , blm spt jokowi , masuk akal tmbh 3th , jd stop ketololanmu ya ,"
76,dokter tifa pastikan pilih sosok pilpres 2024 url 3periode aniesbaswedan drtifauziatyassuma ganjarpranowo
77,"@ alisyarief gagal lempar wacana 3periode pake ngibul 200jtaan rakyat dukung , `` si espege aseng '' kerasa keder krn dah jokowi lengser anies target diadili krn ketidakbecusannya ! ! better nasdem terpancing ! !"
78,@ wadyairbar @ bospurwa @ gibran_tweet ga langgar hukum ? lengser yg berani buka dosa dosa dosa berusaha amankan 3periode
79,"@ ernestprakasa muda ” . kalik ya jabat kades . mayan daah umur 26 , jabatan 9tahun 3periode . terjamin hidup anak cucu 😂😂"
80,@ yudhi_laksana @ andidarwis71 inspirasinya presiden 3periode yg promotornya qodari
81,"@ keuangannews_id mega vs luhut cs ( bohir ) adu power basis ideologi h2h kekuatan modal , menang ? ! diroastingnya jokowi mega sptnya menyulut luhut kian mengobok2 pdip yg berepisentrum kpd sosok mega sj.sinyal penolakan 3periode mrpk respon mega ide opung , seruu ! ! 👏"
82,@ muhammadanwarjd @ maspiyu_aja mendukung cakupannya luas menampung aspirasi warga desa mendukung ketok palu `` ya 9 '' jabatan kades . sengaja dirancukan pola pikir warga yg awam politik pdip & amp ; pengurus partai biar balas jasa perpanjangan jabatan 3periode .
83,@ pedangpajajaran @ abasbalapradana @ partaisocmed @ jokowi ujung²nya ad hubungannya kesitu.lah unug2 yg 9tahun disetujui.aplg kalo gak kharapan prtama 3periode.negara baik² saja🙏
84,"jerry massie : rezim ajaib . sistem parkir berbayar masuk akal . jalan berbayar , waras . '' negara dikuasai rezim waras yg panik . negara bangkrut , hutang numpuk , mnt 3periode ahirnya rakyat diperas sendi kehidupan . url"
85,"lo , gak mimpi 3periode lg yah , ikutan aja ma anakmu si pisang senang2 , mumpung duit bejibun @ jokowi"
86,"megawati 'kasihan jokowi ' pdip , nasdem : jokowi penuhi syarat url"
87,"@ mpraldo , kalo si onoh yg 3 periode , antek2nya dsuruh 9tahun.hendak dsetujui pulak.buktinya yg triak2 3periode ad dkumpulan org2 yg 9tahun🤣dagelan"
88,@ 6undul0h ad yg napsu 3periode.pasti hubungannya yg perpanjang 9 tahun.krn iming² kena ott.kebangetan bercandanya👻👻👻
89,"@ netizenzulid ngaku khalifah umar kelakuannya beda 720° ( 360° x 2 ) byk rakyat miskin kelaparan skrg udah anaknya , mantunya , iparnya pejabat , anaknya jadiin pejabat cari celah 3periode udah rakus , tamak , serakah melebihi fir'aun 😅 url"
90,@ ade_surahman5 memulus 3periode
91,mendes dukung jabatan kades diperpanjang 9 url
92,"jokowi setuju , mendes setuju . ujungnya , kepala desa usung @ jokowi 3periode.😂 url"
93,@ bospurwa msih ga min deklarasikan apdes utk jokowi . bsa jdi yg hadir kemaren massa bayaran yg menjabat kades . pengalihan isu terselubung utk 3periode presiden . waspada min
0,"'fraksi dpr setuju 9 jabatan kades , partai politik kalah ? ' url"
1,"@ heryidris5 @ andisinulingga alogaritma macem lo 3periode , perpanjangan jabatan , anak mantu presiden kkn mingkem ! teros ? hehehe"
2,cikal perpanjangan jabatan 3periode
3,"@ inilahdotcom @ jokowi fix 3periode , periode hancur , periode kerdua akn membaik , periode ketiga nyebur skalian aj sdah basah gini ."
4,@ naturalman27 @ sutanmangara @ vocketfcid dana desa membangun desanya . kepala desa 9th 3periode -- ''
5,kecemasan berlanjutnya gelombang phk sulitnya mencari pekerjaan kian menghantui angkatan kerja ancaman resesi/stagflasi global 2023. url tajukrencana adadikompas
6,"konser dewa 19 : tangsel - ampera 2 jam ampera - ancol 1,5 jam ancol - jis 1 jam konser - 5 jam jis - ancol 2,5 jam jis gak jis udah tau 2024 pilih ? 3periode url"
7,"@ partaisocmed dukung 2 periode , tum . tp kalo 3periode , bosan 😩 ank + mantu udah jd pejabat . jgn mengulang sejarah ."
8,"@ romeowalker19 @ ghory61959476 @ felixsiauw @ islah_bahrawi ckckckck , fitnah are teros org ga koar '' ngeributin presiden peduli aja engga yeuh . bilang kalo dukung anies aja uda lawak banget , kalo pakde 3periode ambil ga bikin pemilu/pilpres krn buang '' uang aja kn sayang 😁"
9,tolong stop ngomongin jokowi 3periode benar-benar pendukungnya. ! ruang pihak-pihak pembenci beliau menjadikan peluru tuk menyerang beliau
10,@ gyspp_ menghina tnpa fakta ? uud d rubh jokowi berkuasa 3periode tidk tau ? kades 9tahun tau dalangnya yg rubh uud ?
11,@ keuangannews_id @ iwanjanuarcom mak tegahati diancam dugaan korupsi brin lantas @ puanmaharani_ri kecuali kasih tiket ketuk palu utk @ jokowi 3periode hahaha hbs tahta ketum pdip disita pulak hahaha kasihan kasihan kasihan dech mak tegahati hahaha
12,. negara baik² cadangan devisa . yg maksa 3periode 👎👎👎
13,@ partaisocmed ads dukngn 3periode haha dasar kadron 2 foto terpisah
14,"do'aku mulia pakdee jokowi 3periode perbaiki ri tercinta . 🇮🇩🇮🇩🙏🇮🇩🇮🇩 hak bersuara , saudara . haturnuhun . url"
15,@ profylhenuk @ vblaiskodat @ listyosigitp karna jokowi hope . salam 3periode nuk 👌
16,prabowo menjabat 2periode capres . besok 3periode . 🤣🤣🤣
17,3periode ✊✊✊
18,jokowi💪🏾
19,"@ lihatdariatas @ busumaju @ jokowi manusia yg kta nya khalifah it sdah tdk pnya hati nurani , yg dpikirkan nya hnya 3periode ! ! ! 😏😤😡 url"
20,rakyat berharap presiden @ jokowi berlanjut 3 periode berharap indonesia negara maju👍
21,2024 pemerintahan jokowi ma ’ ruf amin . urusan 3 periode udah selesai ya ? 3periode srimulyani marufamin url
22,"@ en_jeu_l visioner beliau , sosok dibutuhkan kondisi . berharap 3periode"
23,@ tempodotco mudah.jangn halangi rakyat yg setuju 3periode.dengarkan aspirasi rakyat.patuhi undang.selesai .
24,@ musniumar walah mus mus . ribet banget idup lu . 3periode.mau 4 periode yg presiden sekatang dipilih dpr mpr . jaman harto . kepilih berrti kehendak rakyat lol
25,"@ democrazymedia udah gak netral , tanda 3periode nih"
26,3periode
27,@ korantempo rakyat indonesia diam terealisasi. ? ? penjilat sby sby 3periode pdip terdepan kritisi tpi d penjilat rezim ajukan waras kah rakyat indonesia yg penjilat demokrasi terhebat d sby
28,"@ anaklolina2 gak 3periode dab , dg bicara 3 periode pean menganggap yg pean dukung seolah² ra ngerti konstitusi , dukung , kalap"
29,"@ oposisicerdas pakde jgn bahas 3periode , kejauhan.ijazah ditunjukan.ini sdh berpekan2 kaga kelar2 sepele itu.hadehh"
30,@ subur0204 berpikir serius 3periode
31,jiwasraya / asabri kah ? 3periode kades9tahun url
32,"@ baliandra2 nangkring diatas biar selamat , ,kalau hbis dah ngotot 3periode"
33,"kalo jd 3periode , th 2028 dugaanku menjanjikan wisata mrt"
34,@ hasbil_lbs cari bwt lanjutin 3periode😵‍💫😤🙄
35,"@ technospeed @ partaisocmed @ magebraham @ jokowi gak berani terang2an 3 periode . dirujak rakyat ? menolak 3periode , beda sby 2014 lengser , tolak 3periode ."
36,“ otw 3 ! ! ” aamiin ci ! ! url
37,@ cnnindonesia kader2 muda yg udah gabung kontribusi ga malu dikangkangi anak yg pengalaman organisasi.dan politiknya nol 🤣 ga heran klo partai dukung 3periode tempo .
38,"@ heryidris5 @ andisinulingga emg alogaritam lo dul ! macem lo nentang 3periode , prrpanjangan jabatan . kelakuan rezim bkuasa yg ngaco lo jg diem : )"
39,"@ msaid_didu bikin isu , triak2 , ngamuk2 . kualitas pecatan ilmu nya cmn bacot ttg utang 3periode . yg bersangkutan sdh bbrp x bantah 3periode msh aja goreng . pecatan kualitas sampahh sekelas buzer tdk berpendidikan"
40,@ cahngarit14 klu parpol ga meloloskan 3periode sita aset koruptor ya matikan suara partai desa
41,"@ oposisicerdas wakil rakyat sejati.apabila tdk , mengundurkan diri.pemimpin negeri konoha , tdk memaksa 3periode.kan ruwet"
42,"gampang ngapain ngotot maju jabatan sblmnya blm selesai , berat napa 2 periode pendukungnya 3periode . ndagel"
43,bambang susantono- insyaallah 2045 mobil terbang ikn url
44,"@ king__valdez sbnrnya udah ketebak dr , dr sikap ambigu nya . menolak tp membiarkan wacana 3periode jd perdebatan ."
45,"luhut : menjabat ngomong , gampang urus ri url"
46,"@ alisyarief efek kebingungan mencari sosok yg layak bersaing dg anies baswedan ? 3periode jelas2 menyalahi konstitusi , knapa memaksakan ?"
47,@ boediantar4 jabatan disumpah pake al quran tau tanggung ! ! 2periode gagal memakmurkan rakyatnya malu jatah 3periode urat malunya udah putus ? ?
48,"jelang turbulensi 2023-2024 , bbrp poin utk memudahkan analisa : - jkw massa . utk dorong tunda pemilu/3periode , dukung penerusnya . - 2 penguasa massa : 1. megawati , 2. nu . - apdesi sdg dicoba sbg kekuatan , teruji pengaruhnya elektoral . =thread"
49,jumatberkah doakan @ jokowi lanjutkan 3periode . aamiin . ( doa yg )
50,"@ taufikdamas parah tuh presiden gagal , utangnya menumpuk , harga pangan melambung , bikin proyek gagal , pindah kota investor , pingin 3periode dg memperkosa konstitusi"
51,"@ democrazymedia sy prediksi istana skrg buntu , tdk capres yg sepadan dgn anies , jd 3 jalan yg bs ditempuh , ke1 menggaungkan 3periode , menggerogoti tingkat kepercayaan publik kepak anis menurun , yg ke3 mngkn formula e sejenisx ( prediksi kls warung🤣 )"
52,"@ 03__nakula gak maju . tp betah milih pks . 3periode . org sumbar goblognya nyundul langit . kayal depok , 20thn milih pks ."
53,⠀ 𝑃𝑟𝑜𝑐𝑒𝑠𝑠𝑖𝑛𝑔 𝑓𝑜𝑟 𝑝𝑒𝑟𝑚𝑎𝑛𝑒𝑛𝑡 𝑑𝑒𝑙𝑒𝑡𝑖𝑜𝑛… ( 𝟷𝟶 % ) ⠀
54,100 % -nya minggu ? glictate_3periode
55,mahfud md pencetus isu penundaan pemilu jabatan presiden 3 periode mahfudmd presiden 3periode @ mohmahfudmd url
56,@ anaklolina2 3periode ? ? ngga biarkan generasi penerus ny yg menjalankan tugas '' berat beliau hrs percaya klo msh ad org yg bs setulus jokowi periode yg sebentar dgn hujatan cacian dahsyatnya alhamdulillah jokowi bs sabar
57,"@ zarnaout45 @ ktabpkb feling sih memilih 3periode , dukungan partai2 koalisi ketok palu mpr.apabila perang saudara , demokrasi udah khianati ."
58,"perubahan sikap presiden , jokowi kepingin presiden 3 periode ? gimana tanggapan ? tulis kolom komentar ya . jokowi 3periode url"
59,"@ anaklolina2 sy se7 kberhasilan jkw . tp utk 3periode sy pikir jgn . walo hati kcl 3periode lbh programnya tuntas . tp lihat kpentingan lbh bsr , dmn konstitusi dg phitungan matang.kl dirubah sekacau uumd3 yg diubah2 sesuai kpentingan politisi"
60,"@ ruhutsitompul sdh 2 periode menjabat bilang ijazah jokowi palsu , ii aneh bin ajaib . mendaftar walikota solo , gubernur dki nyapres periode digugat ? takut 3periode ya ?"
61,"@ cnnindonesia ribet mikir . yg gampang aja . ri1 2periode , ok👍 setlh 2periode , ri2 ri2 habis 2periode , ga auto ri1 . kalo udeh jdi ri1 & amp ; ri2 , 2periode . ga ikutan . ga ri1 ampe 3periode . uu bru . ga gugat gabut mk ."
62,"serakah prenksinden gerombolannya mengangkangi resources , sampe cari2 alasan maksa 3periode"
63,malu negara g20 nunda pemilu dgn alasan yg aneh-aneh . sakit gerombolan yg dukung tunda pemilu . merusak bangsa . url
64,"@ kompastv sih , kemarin kesannya . ? terang2 ga dukung anis ( hak politik ) .wacana presiden 3periode.nah penundaan pemilu.boleh curiga ga ? ? 1 yg kacamatanya keren"
65,"@ imronbian @ intel_orba liat orang2 yg presiden 3periode ? ? yg jokowi.liat betapa hebatnya luhut ? ? orba dicemooh tp jutaan orang , soeharto jasanya indonesia jg dosanya indonesia , liat kekayaan keluarga soeharto"
66,bukti nyata kaum cebong & amp ; buzzer dungu . mendukung ganjar capres 2024 satupun partai mengusung . jokowi 3 periode uu konstitusi jabatan presiden maksimal 2 periode . capres2024 3periode ganjarpranowofor2024
67,"@ lpkkaltim @ presidenkopi kalo 3periode , ,"
68,@ subur0204 anak mantu ya coba klo dr presiden nggak terpilih krn smua atur dgn mengunakan fasilitas negara aji mumpung yg duduk istana jd smua kel . jadikan pejabat daerah cucu nya skrng sdh i den jd kades jd maksa 3periode 🙏👍
69,@ democrazymedia 3periode @ jokowi sekelas video . udah tau ga aja jalan . gila. ! ! ! url
70,@ geloraco orang gangguan jiwa ya. ? nya 3periode perpanjangan
71,@ herdiyanto_s @ abu_waras jngan ngomong gitu.ga pants.yg berkuasa level pembual perusak.aturn 2periode sja dilanggar 3periode .
72,"sengaja gaduh slalu muncullah , tau tau 3periode"
73,@ partaisocmed pemerintah kemampuannya memelihara perpecahan massive 3periode
74,@ micheladam5l5 3periode . ps menang masuk antrian komisaris
75,"@ putraerlangga95 ketaea jungkir nih rakyat , koprol 7 putaran,3periode perpanjangan 3tahun ."
76,tersantai senin-selasa kali ya ? ter-tipes rabu kemarin . tersedih ? n besok . glicie_3periode_please
77,@ idarina_69 @ putraerlangga95 lg galau mgkn.klo g jd 3periode alamat pulkam deh.😛😛
78,"sprti yg komunitas , tlh mngurangi biaya masuk utk mode match jd 250 emas senang tuan rumah kjuaraan mode match 3hr tuk merayakanxa ! pengguna yg main prtandingn mode match slm 3periode , brbagi kumpuln hadiah sbesar $ 1000 ! g sabar menunggu ? pelajari lbh detail"
79,@ ragilsemar waktu.hweehewahweahaewaaa nyengir cekikikan nampak cerdas ga empati . mutu gini 3periode ?
80,"ㅤ 2. nanyanya mood minggu , spill ter-agak santai ter-tipes minggu ? ㅤ ㅤ ㅤ"
81,"✨as requested our community , we have reduced entry fee for match mode to 250 gold 🏆we are excited to host a 3-day match mode championship to celebrate it ! 🔥users who play match mode match during 3 periods , share a prize pool of $ 1000 ! ⬇️ca n't wait ? learn more details url"
82,@ detikcom hajar.di negri hajar selagi bisa.tdk puas 2periode hjar 3periode.bpk presidn hjar jdi kepla daerh.lupkan bau kencur serhkan ma buzer .
83,breaking enyusss anies `` utang 50 miliar . ter nyata duit sandi.‼️ '' url
84,@ jun062022 @ dpcpdkotacrb demokrat 3 periode bosku syarat.a rumit hasil.a @ pdemokrat gk bs lolos 3 periode kmrn yg gaungkan @ jokowi gk 3 periode @ pdemokrat krn takut era jokowi gagal era esbeye 🤣🤣🤣 kalo jokowi 3periode apes
0,@ 03__nakula 3periode jokowi
1,@ onebils 3periode
2,3periode pakdhe maju kamdulila
3,adab 0
4,@ uki23 berpikir 3periode
5,@ oposisicerdas lucu ya indonesia
6,orang gila tetep nyoblos nggak ya ? ?
7,@ alextham878 3periode klo g golput
8,"bawaslu temukan 6,7 juta pemilih pemilu 2024 memenuhi syarat url"
9,@ winantisri11 relawannya gaspol jd keblinger🤭🤭🤭
10,fifa : indonesia batal tuan rumah piala dunia u-20 2023 url
11,selektif/teliti gasspoll/smangat kebangetan pdip khan blm fix nyalonin khan slenting '' 3periode n penundaan pemilu dr kpn sepakat 3periode/penundaan pemilu klo liat sikon 🤭🤭🤭🚶‍♀️🚶‍♀️
12,sekedar adab arteria dahlan orang tua url
13,3periode
14,yusril akui bahas perpanjangan jabatan presiden jokowi url
15,@ forestjedy kayaknya strategi 3periode
16,"@ geloraco jelasss donk , sesungguhnya jokowi ?"
17,@ nenkmonica amin
18,"@ nusantara_one ok.ok djah… bungkus 3periode , akurr ? ? ?"
19,"@ santorinissun ok.ok brur , bungkus 3periode , akurr ? ? ? ? ?"
20,@ buyahany2 @ dennysiregar7 😁 url
21,@ bospurwa 3periode terwujud🤔
22,@ gojekmilitan setuju bib
23,@ kenapaadasayaa jkw 3periode
24,@ chovaherman biar tuntas hrs 3periode
25,@ dmuthoharun @ txtdaritng pakde 3periode fiks
26,@ utdfocusid jokowidodo 3periode
27,@ trending_issue @ jokowi 3periode dipertimbangkan . penerusnya udah ketularan sindrom fans real madrid gak pantes .
